title,url
AIAB,https://www.ecco-verde.com/categories/aiab
Austria Bio Garantie,https://www.ecco-verde.com/categories/austria-bio-garantie
BDIH,https://www.ecco-verde.com/categories/bdih
BDIH - Cosmos Natural,https://www.ecco-verde.com/categories/bdih-cosmos-natural
BDIH - Cosmos Organic,https://www.ecco-verde.com/categories/bdih-cosmos-organic
BIOS BioCosmetics,https://www.ecco-verde.com/categories/bios-biocosmetics
BIOS NaturCosmetics,https://www.ecco-verde.com/categories/bios-naturcosmetics
CAAE,https://www.ecco-verde.com/categories/caae
CAAE - Cosmos Natural,https://www.ecco-verde.com/categories/caae-cosmos-natural
CAAE - Cosmos Organic,https://www.ecco-verde.com/categories/caae-cosmos-organic
ccpb,https://www.ecco-verde.com/categories/ccpb
Choose Cruelty Free -Not Tested On Animals,https://www.ecco-verde.com/categories/not-tested-on-animals
COSMECERT - Cosmos Organic,https://www.ecco-verde.com/categories/cosmecert-cosmos-organic
Cosmetici Biologici,https://www.ecco-verde.com/categories/cosmetici-biologici
Cosmébio,https://www.ecco-verde.com/categories/cosmebio
Cosmébio - Cosmos Natural,https://www.ecco-verde.com/categories/cosmebio-cosmos-natural
Cosmébio - Cosmos Organic,https://www.ecco-verde.com/categories/cosmebio-cosmos-organic
Cruelty Free (PETA),https://www.ecco-verde.com/categories/cruelty-free-peta
Demeter,https://www.ecco-verde.com/categories/demeter
ECOCERT,https://www.ecco-verde.com/categories/ecocert
ECOCERT - Cosmos Natural,https://www.ecco-verde.com/categories/ecocert-cosmos-natural
ECOCERT - Cosmos Organic,https://www.ecco-verde.com/categories/ecocert-cosmos-organic
Ecogarantie,https://www.ecco-verde.com/categories/ecogarantie
ECOGEA,https://www.ecco-verde.com/categories/ecogea
EU Organic Logo ,https://www.ecco-verde.com/categories/eu-organic-logo
EWG,https://www.ecco-verde.com/categories/ewg
Fair Trade,https://www.ecco-verde.com/categories/fair-trade
Halal,https://www.ecco-verde.com/categories/halal
ICADA,https://www.ecco-verde.com/categories/icada
ICEA,https://www.ecco-verde.com/categories/icea
ICEA - Cosmos Natural,https://www.ecco-verde.com/categories/icea-cosmos-natural
ICEA - Cosmos Organic,https://www.ecco-verde.com/categories/icea-cosmos-organic
IHTK,https://www.ecco-verde.com/categories/ihtk
Institute Kon-Cert Natural Cosmetics,https://www.ecco-verde.com/categories/institute-kon-cert-natural-cosmetic
Institute Kon-Cert Organic Cosmetics,https://www.ecco-verde.com/categories/institute-kon-cert-organic-cosmetics
Leaping Bunny,https://www.ecco-verde.com/categories/leaping-bunny
NaTrue,https://www.ecco-verde.com/categories/natrue
Natural Cosmetics Standard,https://www.ecco-verde.com/categories/ncs-natural-cosmetics-standard
NATURE THANX,https://www.ecco-verde.com/categories/nature-thanx
One Voice,https://www.ecco-verde.com/categories/one-voice
Soil Association,https://www.ecco-verde.com/categories/soil-association
Soil Association - Cosmos Natural Cosmetics,https://www.ecco-verde.com/categories/soil-association-cosmos-natural-cosmetics
Soil Association - Cosmos Organic Cosmetics,https://www.ecco-verde.com/categories/soil-association-cosmos-organic-cosmetics
UK Vegan Society,https://www.ecco-verde.com/categories/uk-vegan-society
USDA Organic,https://www.ecco-verde.com/categories/usda-organic
Vegan,https://www.ecco-verde.com/categories/vegan
Vegan OK,https://www.ecco-verde.com/categories/vegan-ok